"","3591493","3591499","3591622","3591638","3591829","3591851","3591947","3591985","3592089","3592118","3592128","3592176","3592177","3592182","3592194","3592402","3592521","3592701","3592715","3592836","3592888","3592932","3593024","3593038","3593054","3593093","3593082","3593126","3593159","3593200","3593243","3591756","3591715","3593156","3593342","3593317","3593343","3593351","3593353","3593381","3593371","3593370","3593409","3593335","3593358","3593415","3593384","3593385","3593404","3593434","3593427","3593450","3593420","3593441","3593430","3593405","3593388","3593485","3593393","3593458","3593339","3593480","3593500","3593440","3593487","3593518","3593389","3593514","3593528","3593525","3593474","3593560","3593510","3593570","3593564","3593576","3593583","3593551","3593538","3593571","3593557","3593592","3593607","3593605","3593625","3593624","3593574","3593640","3593577","3593654","3593590","3593659","3593589","3593580","3593549","3593629","3593703","3593701","3593632","3593728","3593719","3593708","3593767","3593697","3593492","3593541","3593765","3593602","3593454","3593745","3593714","3593780","3593756","3593674","3593802","3593665","3593820","3593439","3593823","3593814","3593841","3593887","3593757","3593871","3593938","3593686","3593942","3594004","3594008","3593986","3593865","3594027","3594101","3593988","3594059","3593999","3594181","3594290","3594448","3594480","3594782","3594808","3594865","3594958","3595514","3591316","3591983","3592035","3592041","3592101","3592626","3592710","3592835","3592881","3592890","3593005","3593059","3593183","3593232","3593312","3593356","3593382","3593364","3593397","3593451","3593408","3593363","3593469","3593461","3593380","3593366","3593378","3593478","3593491","3593422","3593530","3593479","3593502","3593519","3593626","3593548","3593550","3593554","3593601","3593616","3593617","3593588","3593429","3593604","3593621","3593614","3593670","3593816","3593448","3593775","3593779","3593833","3593846","3593600","3593733","3593934","3593883","3593965","3593732","3593452","3593997","3593692","3594137","3594156","3594163","3594665","3594862","3595078","3595282","3596194"
"mean","771.123541666081","850.386979172375","847.166666666666","872.221874999996","774.048636357871","956.744680851064","618.034255319334","979.230520829636","739.648297872144","942.85872340403","732.035869564836","651.76572916486","722.021739130435","900.062187499619","996.152173913043","836.895833333333","631.791666666667","659.001666667044","775.405729165717","828.309318198907","690.990652173906","891.659574468085","679.051770789859","597.376979193844","691.418604651163","789.570520832058","595.152282605894","729.881276619284","659.161489361703","679.739166666745","795.427173910075","622.051666655655","832.82781249242","739.478260869565","722.020833333333","916.025333333336","678.793541667043","903.186477273597","757.872395832237","724.72861703941","840.617954572239","641.719042552645","656.274895833424","704.46395832793","829.580000000006","641.081333333326","725.053404255302","788.395000000795","633.717604165819","671.813295459618","757.666666666666","707.520624999963","631.239042551742","957.526354157987","769.573085106961","689.644042546167","1057.375","634.208333333333","810.464687495065","815.146489367335","1178.01556818181","790.748541665986","725.468541670125","718.590543468726","630.586956521739","688.686086956503","1007.55771739116","650.812604163851","548.411489360312","727.662386364748","986.099777777781","614.829787234043","669.31727272756","770.999999999982","688.730319147618","769.807604164574","857.9530851108","740.290625000019","838.738617041406","839.754255326277","786.47444442225","838.489361702128","744.156041677343","795.129347825739","685.872340425532","748.675957453397","679.754888891087","643.915326089052","902.320312499645","941.869318199513","785.314574468071","804.422222222222","806.538085116351","681.076222221762","763.58031915585","709.869270853232","569.190113627966","599.990520833975","811.5625","807.712499973486","955.356875001598","752.716818189418","498.327619046904","675.241041695699","809.712608696946","1049.28937499547","856.854166666667","749.600957365746","734.164895819655","759.659574468085","817.225312493974","802.579787233976","905.0625","801.303111112469","723.743617019438","748.875","674","695.231195658182","610.420937465581","890.764782607616","729.830312503812","834.186145834489","835.671145831535","757.494583331815","879.386363636364","823.674891326252","739.821956513207","648.55708333289","723.402812509448","766.680416668047","733.809583334126","936.753124998783","619.271562495972","781.351276594115","852.044444440657","768.103936171293","730.985869565183","906.836354162806","564.369565217391","665.992727280933","597.521739130435","800.049893621187","697.832291674179","712.374479163069","857.978617021295","728.432127659425","685.229166666667","807.633191495738","670.291666666667","818.479166666667","869.711111111111","615.465425539445","1031.92033333342","660.630957447017","766.556041606236","568.5625","630.362717394272","731.999680816018","676.858804340515","496.889479166081","540.580652208756","625.895833333333","642.081702129291","734.671914890567","572.592872348515","745.217708327497","852.979166666667","593.454893614646","649.6","746.10468749961","848.081562500056","645.071063814883","852.009787233986","646.960312507872","570.206702127836","704.790212749008","769.407187506052","738.935744684645","841.804888885882","696.365108695644","918.660326086747","707.468297872398","600.637021277625","858.301145849206","610.84249999998","715.717391304348","999.895833333333","523.277553199652","594.218125000035","783.522727272727","804.474583333255","774.631041666652","564.170731707317","595.615869567669","643.083936165761","761.488152131357","677.164893617799","640.893617021277","837.345833329891","744.00760869574","592.708260878799","759.497127674044","982.333333333333","800.446063829672","641.527395831266","770.291666666667","633.168936172064","701.569782607966","637.540000000626","866.039687512966","684.68085106383","876.312291666939","746.163085107989","735.364782623946","615.677916672818"
"standard_deviation","317.671692136732","370.718381944236","305.423969947416","261.503218168282","310.402173325196","503.988460361558","89.6332662244256","316.516114343755","277.290155349339","496.371427024254","250.992226572635","78.0525941086461","339.13193035097","472.004175436443","390.913458305106","564.699816305496","184.082770274832","194.705035108349","348.300265432795","362.551846610507","407.227943134519","380.237413055017","220.539563351692","181.988382088212","217.871000775594","302.835017539342","134.285649284728","164.957022513743","185.731954132232","207.388537556667","361.740615715018","153.261510347286","330.53484102749","283.032839800962","330.823311431533","437.716487769457","249.765134713162","535.216294784332","324.985668119729","267.946516419781","250.126172941707","239.274005837805","206.573237610852","235.894243153886","329.628759364248","199.428878435059","368.352853597507","234.614345986099","146.740470053166","237.933664821024","279.428556489523","378.358467663645","141.288854244879","449.520101011595","326.190289917995","210.071855575662","581.976991027228","261.650323607619","332.428111842154","291.447821572014","577.510378654497","358.843462368402","224.637075818289","258.859464259754","144.275596779521","338.993808968251","261.815430639204","178.872402867145","107.966757968406","243.697271602879","398.76224350103","117.77822179085","247.700985912908","208.327065355917","281.548660787269","273.140916807866","207.837074870356","283.285567395032","439.012436993513","377.150837071645","241.118544398961","332.961929690913","308.621058836891","251.791738242351","157.295293749392","375.878723469036","225.931146787762","244.712534789534","376.423965540443","492.70721696988","343.599465562131","322.587513770146","300.228996207722","270.354613274233","230.293113193076","180.590294647361","110.003857432469","198.320844632886","216.862924275986","315.426806930722","317.947066051319","308.254640086298","221.249560577822","214.33778119452","275.991422367965","336.46309784401","258.204931770832","146.637196913933","298.945661225352","351.717851137116","305.483393239423","431.523905549679","308.6749585781","184.835173811481","393.863428231257","355.637672716656","167.434966733674","242.967689371027","185.274602682105","510.731518638745","253.449564683829","387.322960937286","345.817108630117","108.915855097947","345.51520115377","305.946026500546","242.646045166361","165.381095016197","247.432669530374","278.279075070759","174.692444482125","390.526020203435","233.668129168935","374.295625663014","318.699413496298","455.424316359037","347.774826174036","240.890600048771","118.87572571493","209.161139433098","177.294699943398","370.603321354166","217.463223411327","398.254851130914","231.215603137919","266.727820519631","148.159666545184","292.473068119339","158.500816607512","334.143235281513","427.788797837853","117.092099855743","399.313639043463","269.925475874766","461.999070573171","184.410724090478","257.478268887989","236.099383944759","195.061220046877","123.715593072243","186.572540587","266.88919045602","174.375674875942","268.106643180251","123.464632622125","266.16844148499","278.085360351537","144.785811954019","296.635098763079","252.260490428856","391.620808963123","203.864500691465","361.727761088929","140.967258274666","120.743107158673","229.580309163951","219.286419084546","304.166141342974","441.712084508389","223.454082097635","592.987514085316","314.179089480211","124.162710400037","325.977447612353","153.742144492247","236.042431500353","450.719058582509","161.193838877119","157.634805422089","308.61283705055","303.691904108809","350.120824995715","239.484122901605","279.708894844457","189.941013396053","342.050943324537","316.403544896989","202.656405947148","282.791693891547","426.918554571905","204.188714228061","285.424240633265","461.280471902795","282.042758221236","172.714680865291","240.166870917962","268.212206159808","279.672775091766","255.484140323387","335.563316804592","226.640694989551","352.103298964044","322.189569047429","335.767708590748","223.333295357804"
"error_rate_(%)","0","0","0","0","8.33333333333333","2.08333333333333","2.08333333333333","0","2.08333333333333","2.08333333333333","4.16666666666667","0","4.16666666666667","0","4.16666666666667","0","0","6.25","0","6.38297872340426","4.16666666666667","0","0","0","10.4166666666667","0","4.16666666666667","2.08333333333333","2.08333333333333","0","4.16666666666667","0","0","4.16666666666667","0","6.25","0","8.33333333333333","0","2.08333333333333","8.33333333333333","2.08333333333333","0","0","8.33333333333333","6.25","2.08333333333333","0","0","8.33333333333333","6.25","0","0","0","2.08333333333333","2.08333333333333","0","0","0","2.08333333333333","6.38297872340426","0","0","4.16666666666667","2.12765957446809","4.16666666666667","2.12765957446809","0","2.08333333333333","8.33333333333333","6.25","2.08333333333333","8.33333333333333","2.08333333333333","2.08333333333333","0","0","0","2.08333333333333","2.08333333333333","6.25","2.08333333333333","0","4.16666666666667","2.08333333333333","0","6.25","4.16666666666667","0","8.33333333333333","2.08333333333333","6.25","2.08333333333333","6.25","2.08333333333333","0","8.33333333333333","0","0","4.16666666666667","0","8.33333333333333","12.5","0","4.16666666666667","0","0","2.08333333333333","0","2.08333333333333","0","2.08333333333333","0","6.25","2.08333333333333","0","0","2.12765957446809","0","4.16666666666667","0","0","0","0","6.38297872340426","4.16666666666667","2.12765957446809","0","0","0","0","0","0","2.08333333333333","6.25","2.08333333333333","4.16666666666667","0","4.16666666666667","8.33333333333333","4.16666666666667","2.08333333333333","0","0","2.08333333333333","2.08333333333333","0","2.08333333333333","0","0","6.25","2.08333333333333","6.25","2.08333333333333","0","0","4.16666666666667","2.08333333333333","4.16666666666667","0","4.16666666666667","0","2.08333333333333","2.08333333333333","2.08333333333333","0","0","2.08333333333333","6.25","0","0","2.08333333333333","2.08333333333333","0","2.08333333333333","2.08333333333333","0","2.08333333333333","4.25531914893617","4.16666666666667","0","0","2.08333333333333","0","4.16666666666667","4.16666666666667","0","2.08333333333333","0","8.33333333333333","0","0","14.5833333333333","4.16666666666667","2.08333333333333","4.16666666666667","2.08333333333333","2.08333333333333","0","4.16666666666667","4.16666666666667","2.08333333333333","0","2.08333333333333","0","0","2.08333333333333","4.16666666666667","0","0","2.08333333333333","0","2.08333333333333","2.12765957446809","0"
"mean_L1","815.523749998951","828.622916664851","717.416666666666","903.777499999999","846.666500007268","970.25","666.068181817536","944.376250030473","754.200833334228","951.452500002537","711.235000000505","630.28708329269","628.666666666667","1222.65749999982","1136.63636363636","994.916666666667","666.666666666667","669.761250000799","834.847499999038","993.338636397807","616.729166666668","797.666666666667","760.21625000673","626.628750062082","696.181818181818","752.397083332957","674.725999997463","734.672083364179","750.510909090915","644.102916666687","709.088636361147","599.717916668548","848.624166663891","683.833333333333","684.333333333333","701.60041666666","640.743333335195","800.655416659235","710.232083336451","783.132500015199","866.205833347824","733.162499998192","735.887916666495","714.220000004085","773.584545454592","668.323333333319","747.08045454554","715.054166677873","654.429999999896","667.585000004196","776.181818181818","798.373749999961","689.758333333884","1002.94500001473","749.364583334682","746.851249986018","1118.83333333333","556.333333333333","715.706666655023","911.668636365159","1073.44909090898","811.489166665221","809.031666644538","799.475833327354","597.090909090909","790.822500000028","940.262916666446","612.484166650878","562.267272733152","739.261250001921","929.827000000114","631.916666666667","569.242727273377","780.392083333633","653.234166667972","767.570833336019","832.633636394431","692.422499999868","937.117083386208","802.974545455072","722.766363633458","804.083333333333","684.098750003613","815.815416664312","719.083333333333","712.392727278215","702.253636369608","540.389166679233","1074.78041666703","948.480499978178","728.551818181792","1010.81818181818","862.525000004098","641.079090908699","736.203181821937","728.474999933193","525.973750006718","589.148333334985","695.083333333333","836.850454501639","980.85499999676","919.2495000083","471.317999996245","736.117916724955","980.897272726659","1025.41750000091","855.166666666667","721.942499978468","833.073333322924","730.272727272727","734.585000008034","906.285833333338","909.666666666667","767.711500014411","617.454166663568","576","726","625.717272743879","673.880833317526","820.737272723239","808.065833349246","897.778750009214","951.795416651293","814.936249997117","864.583333333333","780.557916616089","745.939999966967","655.710000000303","714.859166687044","796.279583334884","753.226250002626","994.836666666136","666.579583329924","856.879999996939","899.583333317423","795.227916668713","682.073636363715","960.735833320844","516.916666666667","753.590833356914","585.181818181819","715.055833342679","688.642916672203","814.18583333531","868.150833333403","675.58045454445","714.250000000001","666.02666672164","583","834.416666666666","911.416666666667","593.920416683735","1097.45681818194","850.409166666699","670.32999987714","615.583333333333","582.145454549887","778.029166627675","692.614090925252","510.123750000882","535.440909125927","652.583333333333","577.163749995331","771.563181812367","619.643750047544","768.114166605907","871.166666666667","620.737916656556","742.666666666667","818.587083330688","697.36375000025","667.695833331284","925.873181818381","608.525416677973","548.963750000136","685.664166638162","826.514166673103","671.987500032022","809.707272723741","731.130909090884","899.118749997191","753.009999999981","606.208181813021","763.246666717654","609.347916666745","732.916666666667","1001.33333333333","536.483749989808","564.035416666532","808.2","885.572500000004","725.208750000017","589.272727272727","495.75083333184","633.89409087937","862.627083202824","763.25333332837","675.5","872.373749987067","702.147727272611","564.570833346806","761.495000023084","956","760.843333333772","554.200000013225","767.833333333333","708.762500003407","718.79999999995","565.575833331726","835.891666686318","673.666666666667","823.448333333393","727.149166668823","646.552916674409","599.31041667005"
"sd_L1","298.991929391316","216.31815330093","195.567918141143","292.551126607901","376.131582435028","500.358984766301","118.618915295184","284.582451050814","247.74593911045","509.068024024246","155.790494636532","48.9364754070739","161.235194293268","655.565942333245","552.812856711432","728.204074585156","206.775826498753","223.956262482371","552.205678586879","626.259632144905","206.099801815364","305.468443046037","375.022215969965","243.290223453052","305.122866459339","198.417723174051","209.284197026073","120.998671919612","217.913345321235","218.647651760227","261.270642531729","167.3203610992","263.95029094504","118.277665096188","208.989487918905","116.792960491056","198.584932396341","319.982399894726","280.893548825642","282.88158210371","236.46204486668","416.140776598511","236.812436697709","177.649274480434","360.826037783126","288.563156600027","630.812995936587","224.994337294647","182.942249032581","239.1356640503","191.640193165119","636.501405215618","116.833378326407","522.241739658873","431.322188917164","205.62858451094","698.549384384699","109.007367001529","332.360313997771","432.79513667988","546.934842987816","194.581360778687","313.355445774874","224.096673607456","150.879723319904","414.617974090178","291.876911957678","47.610732597234","163.962846974908","271.871625946703","442.039131834801","136.284100542235","200.127815648349","202.636023579568","209.844843175422","267.798538843778","130.609179801603","163.051607425727","416.061661265945","335.487931996102","221.088392300536","325.971961519652","227.258345642869","248.002037127466","129.594092411185","350.464474303578","220.728951324252","135.796789049917","472.282091775381","363.045085112876","238.706725976335","456.909360416663","384.316598027939","205.40025384539","204.768951255234","196.800312591794","97.7100642449622","90.6996527840598","77.1579941458179","294.043592908407","330.584586361887","394.939482995895","146.465684116518","170.946069512957","405.912804707544","335.282942178279","255.541789264703","126.198108358021","349.147041731096","339.452232547995","228.413823693863","406.660812676981","299.772438945803","91.6316941739029","434.311993878352","125.840447320479","215.929702365461","181.459764651375","287.742974888311","421.453640940178","363.070205776203","368.423865718535","495.584515022244","118.545539428256","283.599095502255","293.749792251766","249.858194020978","159.383433225126","159.872401661705","398.29127542044","234.679096624991","500.277973059042","321.780640505989","581.504134410725","430.80673970504","491.988625794007","192.439600473586","233.700356883806","76.9999508067533","289.153961622637","248.393566012414","220.219328643183","233.165305724262","421.012585733137","159.419201875135","317.240069824839","169.093371194195","132.592859764309","93.8664428371987","430.780783384464","583.565912508968","103.772971767712","307.677600535608","380.068403195423","288.626779048207","178.560638202129","171.825100774647","208.836286362919","294.045244337034","151.380081018891","88.5507634399283","294.979955662117","159.521972369062","341.721934547132","196.587959781899","201.565749495599","352.373983492573","104.020096775928","454.040113032345","234.900523677981","166.055021496555","204.591401164178","387.035704582495","117.322443592216","78.9849839891987","253.905771869376","250.299213743712","210.595902428752","530.739206074551","200.734998291507","448.045402117755","222.646522501026","119.062173420118","181.604467110726","130.323391248826","228.676611012675","482.609259100669","131.699102115903","112.533062726603","294.119703522222","520.661385266015","355.997265618508","384.989633862807","124.083731983916","131.691975720472","626.087182571969","448.347673056333","259.247687812956","346.756713783285","384.079272164458","254.50847521195","301.46910330775","468.895219929493","157.842125733328","94.7501533485513","216.727660412507","355.916614040731","338.059586053859","162.832293367449","183.57690706565","221.78709419512","311.865205711448","384.309313832567","224.314706321203","223.931486440685"
"mean_L2","780.239166665221","830.884166673059","815.499999999998","920.631249999991","707.579090916128","791.272727272727","594.256666667207","842.157500058723","815.411818182011","856.673750000483","674.424999999852","660.77458334621","775.25","715.634166670498","875.833333333333","756.583333333333","677.833333333333","699.5549999996","632.753333330887","833.637272727421","776.087500000008","1035.5","674.34125005578","511.973750040246","669.090909090909","816.197083326794","577.371250001306","664.349166676402","645.097083333334","718.6125000001","626.113749996875","603.299166696767","940.347499980513","969.454545454545","594.916666666667","978.185000000013","596.139166667854","909.468181791124","802.179583338632","638.863181864673","792.835499998183","565.906666665493","679.554583332598","840.602916645973","957.717916666677","646.511818181724","687.072916666542","825.028333327889","652.510833332296","583.990500011714","717.833333333333","664.814999999938","640.876666662128","827.96291661604","787.321666666684","728.547499961375","1152.33333333333","770.666666666667","685.768333336455","816.093333332295","1109.08666666675","818.842499997118","659.227499932361","646.881666655342","664.333333333333","586.448500000007","1047.53272727265","729.887499978455","520.584166651436","657.84687499945","1090.28909090904","620.583333333333","704.644499999995","802.289166666621","715.619545456403","783.007083334572","818.865833318947","646.887500000048","732.234166702256","794.775000002119","831.102272707292","815.083333333333","615.78208336141","778.577727273593","674","717.387916670607","614.328181815588","694.707272733055","927.808333331389","696.007727327841","807.165833333367","731.818181818182","744.980416687516","754.189090908436","742.084583340329","672.213333387238","612.390454541045","647.523749999285","824.25","685.440416661247","971.920416671007","665.77045458623","463.930499996059","541.913333387735","731.577272728001","1044.97499996796","837.75","754.013636149466","692.914583312813","871.25","784.61125002165","836.163749999893","841.916666666667","812.785416657183","774.209583333383","749.916666666667","657.75","714.560454536695","577.698750033354","1036.70416667592","723.483749995163","863.382500004567","764.047500008019","733.680416660112","799.222222222222","831.401818262583","683.509583352134","678.422083331194","643.038333345127","696.775000002769","693.321666670575","862.650416662898","554.432916663548","753.162083330001","705.181818201461","637.475000003178","882.609166666649","861.101249999289","617.583333333333","586.517500031429","593.818181818181","788.419166672004","757.260833333324","848.230833313816","701.414999999998","814.370000001266","617.25","943.188333301805","659.083333333333","861.583333333334","906.454545454545","614.606666669715","951.294090905734","550.911818186498","957.764583290555","637.75","683.861363642129","738.727272615175","707.097916631028","452.861666667256","561.082272663374","578.5","646.418333334926","649.06708333001","558.843333332334","698.80458334228","779.25","541.532727273245","553.416666666667","774.524166665894","760.080833333328","664.18333328329","946.968333333037","639.970833338642","551.930909091342","647.197499987669","754.537500023919","736.907272716053","934.050416661193","592.738750000014","800.584545455587","644.842083333439","583.958333343617","875.50250000398","527.40863636361","675.666666666667","935.916666666667","525.157727301121","611.9245833335","793.5","704.744166666387","706.612499999929","596.222222222222","658.484545456965","567.447916672487","686.588181860067","562.160000001313","546.166666666667","817.012500003329","658.745833333645","635.746363645674","787.697500044791","880.916666666667","906.377916666618","696.190000026642","815.75","650.448750001184","726.913749999464","721.209999999701","824.146250020325","714.5","820.690833333477","780.710000003941","745.551363649693","625.580833332303"
"sd_L2","502.529023847558","434.500868566546","231.434852407955","292.977756122175","232.623723277567","303.562873523457","58.286031906246","260.414742462605","399.150390000077","484.236969929752","178.545748765624","63.4437020273947","472.122504325848","281.827905343078","282.787692072832","482.715699941173","151.455263922047","232.967936861517","133.515463954072","242.853373722882","438.213436526386","410.861954255374","120.241922122895","85.2887131246368","138.495093447712","268.342608945615","98.0145680763547","170.842972539107","199.983720626751","217.695069613574","228.4862003764","127.391919768585","425.619085353871","486.716624667036","102.089495794206","514.662599845752","137.082227793739","450.863938272695","406.132248976301","159.828788147328","148.006603451507","88.8781366998571","197.711544583192","357.553349264795","440.865704404736","170.622344496121","287.796285689516","253.000522758383","149.540949242813","159.833229364931","144.493367783208","120.510061820496","196.943281700054","326.552089222915","320.421124625518","193.752168011024","721.568661551576","464.054529188765","126.228327602706","241.581777302245","488.991794662065","539.581334344989","145.770939074149","192.865573546721","171.804504826817","204.883883727886","169.448225357722","337.082231632385","65.4989427487102","144.434231867335","570.15493550818","133.677670898956","329.278392678521","212.948217476992","215.25473643798","287.28891732257","146.880615855645","261.115073818091","211.215682662475","361.979223012064","269.585915429475","305.938335537597","218.325979559824","182.054794970749","202.006750562271","391.249366580246","87.5685064465998","332.711433467608","378.098191660609","283.408358169695","262.662269843311","240.281425907962","261.733055968286","344.404571172004","256.466919502871","149.097031076726","82.1522390514464","255.737208239686","186.238422458954","292.059767527564","343.343722206845","125.817294398987","169.056030358803","160.814991821317","167.083124944235","331.351440815696","228.282968344911","185.562078957733","296.318823507445","399.06119945328","218.718126076827","660.376440188254","319.676671407884","205.203835573657","501.258121810048","401.572694275742","149.579486318388","322.759049425254","105.07808537339","699.554763465072","202.380404528816","323.998519682078","233.123989682808","63.5825463648587","176.944749694486","239.427948094561","210.214400364456","171.085071756716","158.808874994488","114.550322847634","162.908393308158","219.564143821588","201.003843769756","225.397068336974","148.116723019628","193.916884003054","510.062923983116","194.624039279","182.387927398186","121.121883413081","132.470991678797","446.690387019829","303.74489303828","634.048615567036","108.968207473484","333.273247930446","101.416445680892","413.14899115103","102.625053057972","339.928457268006","243.692167964571","101.527819983598","385.349195336267","133.229450877484","713.966484102607","226.179785689492","176.349786716177","343.649908813776","209.671968708409","75.070539227916","181.475851086787","217.721465096201","148.845708164968","194.640505294006","96.5639091855024","162.64387310017","262.095445834667","108.743116551299","88.4559040974483","215.817264441834","364.401491401583","301.215109778898","529.861729310666","109.971345892356","101.431201210146","213.607802070157","219.849736631177","284.859106393606","440.349965544003","115.690304695611","312.542455080429","185.80522104005","104.748177842976","243.511222410904","147.329547411471","154.959427730049","367.157251010649","148.651866314185","131.24388450617","318.105614251276","103.053838176587","153.754538905654","218.477560505523","311.358490679038","111.503575290264","186.223086181066","183.602635990791","69.6143053915753","203.032943733732","209.243539054061","222.62804244749","405.687662830029","226.162233939723","435.992319486791","175.251681690058","346.558436630823","313.399571808739","213.638161144196","258.823587211373","381.222496212908","217.274648146701","268.586715926308","248.281524516984","419.477181744948","253.367097125118"
"mean_L3","809.405833332978","907.024166672879","790.416666666667","820.778750000002","807.379545442844","925.833333333333","610.476249997494","1126.06458327112","662.339166666546","904.885833331112","785.729999998391","642.738750010418","772.272727272727","818.26749999406","947.083333333333","636.583333333333","607.083333333333","662.514545454707","761.003749999873","785.288636403327","674.586999999963","908.666666666667","640.64749982208","590.245416640149","671.800000000001","638.062916666967","542.075416664981","731.723636388779","597.653750000002","706.526250000063","802.292916666678","647.972083281881","774.904166639317","696.916666666667","759.833333333333","1129.19272727274","812.064999998862","925.586666679009","835.500416661186","763.369999981175","781.461818270724","605.728636363479","639.955833333564","618.078333325684","719.29649999995","661.105000000058","720.197500000041","782.054583338322","594.032916659974","684.321249995264","788.916666666665","570.188333333249","575.456818174147","874.380833352916","673.931666669281","560.879166664866","894.666666666667","566.333333333333","948.606250002437","699.473750011142","1142.31799999998","630.827083332406","671.278750097068","836.572499992326","630.333333333333","700.047916666677","1061.00958333324","637.231250021917","585.217499998786","807.423333334252","879.351249999976","605.666666666667","682.830000000346","791.923333333216","798.227916660835","752.79416666793","784.982499986654","778.72124999999","953.507727350701","920.770416681383","806.734166631941","857.916666666667","890.314583356182","733.399545455045","660.454545454546","856.659583335082","616.819583335503","707.664545450826","819.411666666686","1169.68041670043","874.987499999973","771.181818181818","746.974583346552","634.961818181513","768.973333339091","725.592083414085","570.270416656664","628.027083332806","953.583333333333","936.73818177459","956.754166666846","593.032083280074","479.343636384742","819.09291659637","684.249583334652","914.702083313993","877.083333333333","764.971666658918","740.165000005314","783.916666666667","829.472916608211","724.341818181611","840.666666666667","820.362499992673","645.077499998782","952.75","674.166666666667","664.060833344896","595.84958323588","912.757083346757","650.677916710265","698.035833338508","791.527083327916","700.524166677496","1049.54545454545","773.776363623752","693.096666655037","607.25166666695","690.132499992615","843.799999999949","726.978333327376","912.370833333019","601.849999991828","740.087727272608","819.200000003911","615.824999998343","740.42749999982","883.539166670138","559.6","697.999374940992","576.416666666666","760.192272729579","693.295833344261","620.025833321658","887.810416666713","675.502916667028","686.833333333335","781.05500001799","678.416666666667","813.749999999999","760.909090909091","632.105454569682","931.156363645146","605.436249995061","736.342916614376","532.666666666667","571.996250005517","715.263333404437","654.14636364122","489.927916661448","553.745416769137","615.833333333333","645.06124999995","742.209166671576","544.373333337717","790.993333367321","851.833333333333","566.803333332549","618.090909090909","602.205000000443","954.544583333395","588.059166717964","797.782499999661","639.320000016596","592.320833333967","724.894999992102","813.975833336978","903.862083340452","768.009583339639","697.912499999992","931.007499999396","793.972083333377","595.815416663148","944.614166665512","642.052083333056","678","1051.5","535.17250000732","618.17666666684","824.545454545455","802.972083333164","814.392916666671","548.363636363636","543.837727280334","651.617083349265","763.864166646575","688.408333335247","625.545454545455","743.950416668668","963.709999999661","582.069545465691","784.741666633635","1092.91666666667","746.02999999975","720.444166644787","767.333333333333","502.18818181152","734.160909090529","770.472083334122","946.885833342094","730.916666666667","969.145833333945","828.353333333022","734.085416702631","597.365833353251"
"sd_L3","224.578676492295","462.700286394665","207.620045596116","235.599118796812","385.240420461835","515.622101461091","104.982378395713","402.058366672401","147.404079227484","409.518044332295","392.909064278452","63.6174664748975","391.844124853005","421.368484953948","341.637622564487","155.787418288415","190.672235826697","165.95687768898","212.953530282719","218.105892629237","352.519930919597","496.12174703271","131.510171741082","83.6648712216671","200.042662116525","205.88967648068","83.4949753919926","133.288172569026","85.041025931474","225.697106831922","281.895629294254","194.038545923958","257.398221122552","153.321088114473","374.698141134563","621.959408246884","366.210042996018","624.023771332091","419.404781807054","349.882850539005","140.054759648215","155.59629683559","226.547788444183","146.482609300742","177.561218051285","203.543959301646","300.308614583638","242.880263430977","121.951755487802","319.609241544646","443.551464336611","132.465491069361","111.553358875936","470.36158895039","242.024805476222","99.8041541455658","304.778111040962","136.945465810521","406.742784880633","262.958408061925","509.928035451815","146.16084017427","131.01087856757","395.646292979522","121.964475702285","423.868097372619","205.407956188976","90.1976417250915","96.9959338802375","351.053634477722","239.032205524321","108.003647525386","200.19220022705","240.149822831433","425.772615246996","262.622355698164","138.116270999893","218.440279368785","715.70954143559","418.49154297902","233.51916943978","365.374144065388","325.779964411744","213.377224058191","140.871830850858","480.083325498011","103.967267341147","280.87097510474","278.78384538313","704.162485109447","573.247078736122","234.247227595896","285.543382629644","231.859856911443","252.687407977783","199.030470433541","144.502518732284","285.064129955404","281.65306135332","380.696002766246","339.193838100102","124.024922726821","194.407052992849","246.063543487676","239.28682571825","219.160953980852","305.049759974674","173.942511372968","274.423934555137","306.130233229209","343.132281448004","286.754276770549","289.439374507256","255.845995344714","169.110039128817","450.769065043288","194.742176098336","169.511137733028","162.814734446653","565.713300020168","179.880450347537","189.027270933753","216.830540132198","111.325835634045","510.15416564728","379.351250103303","182.39719042365","194.238981883187","228.905723944789","278.712205043459","162.244758094063","202.229709484581","211.582022512258","304.212976624343","301.660147247847","160.594644773462","335.460709550691","330.55694431975","100.793738782614","199.905177987104","124.765568045422","188.466911516396","114.971400302334","148.616391890821","259.985958112525","165.351855633407","144.495255243481","248.576888198272","150.035425109801","360.891100421767","188.079480297801","154.997295337936","449.96588329932","144.624177368172","392.815919260293","186.893909299724","119.816659015102","221.622591209748","124.885104136014","105.0702709783","293.241254732876","285.373386455306","189.710760971471","197.179647712791","84.0708022041377","362.586809157613","249.867176837227","95.2073703107525","115.614406148589","125.307546243852","454.381942805353","157.053393133778","189.300526322356","148.477643866397","179.772436542874","213.905713392741","245.317750656043","426.356926216966","308.39890573047","245.532001677438","712.908496163074","535.914995513068","97.2744606850677","396.900688097772","154.224783992582","193.510629259386","496.074133023025","235.946720412987","250.301166282598","255.769178610857","244.206858025339","329.602967388203","159.339431859959","259.352228247639","102.025263617667","135.85307952112","180.52314893194","213.771075516013","199.003955062815","703.253110222419","200.266880374248","249.651311432278","639.048221019258","109.668045186589","240.906361267194","173.77955384145","167.933608740778","370.279347055507","332.849140729306","440.17730183302","282.755743718957","407.876845515815","426.824460165305","358.316354304951","250.374802647037"
"mean_L4","679.325416667174","835.016666678712","1065.33333333333","843.699999999993","743.910833310414","1125.83333333333","605.338750003284","1004.32374995823","732.95499999828","1068.9286363618","757.109545454362","673.26250001012","715.545454545455","843.689583334102","1040.45454545455","959.5","575.583333333333","611.227500000799","873.018333333068","700.972727267072","693.824999999994","818.727272727273","641.002083274846","660.6600000329","726.818181818184","951.625000001513","599.698749991755","788.933750028567","650.996666666662","649.715000000128","1058.98136362984","637.217499975426","767.43541668596","616.636363636364","849","874.616363636361","666.226666666262","1002.35000003077","683.57749999268","706.393333365365","915.298636367714","659.079166667652","569.701250001041","644.954583335978","846.046363636375","578.389000000017","747.698333333271","831.442916659095","633.896666671111","742.235454556067","747.6","796.705416666706","614.215833338676","1124.81666664826","876.592727270856","725.26681821116","1063.66666666667","643.5","891.777499986347","841.393750010563","1390.22954545453","901.8354166692","762.336250006532","611.095833320481","627.545454545455","660.385833333217","982.684090908893","623.647500004154","526.731666672276","682.846250001603","1044.23541666665","599.909090909091","722.535000000127","703.794999999776","590.080416664326","775.858333319775","993.220416683471","843.131250000171","741.659583252234","837.432083343932","783.453181788156","880.363636363636","786.428749988166","846.20124999977","687.833333333332","705.240000015086","791.339545457793","642.445416660242","787.280833333473","933.199545453218","725.822916666629","712.25","877.593636364591","692.991666666179","804.778750010882","713.196666678414","572.571111079823","535.262916668823","773.333333333333","785.001249983907","911.897916671781","862.471363676542","573.135909074071","603.840000073736","849.880416670203","1212.06291669902","857.416666666667","757.84374990811","670.506666637569","650.75","920.232083338003","737.007916666699","1028","798.522727283522","870.459545451343","716.833333333333","638.083333333333","772.404166670943","594.254583275566","777.594090883874","737.093749960574","877.547499985667","835.314583338914","780.837499992534","798.333333333333","905.449166738739","846.108636353165","652.844583333111","845.581250013008","729.867083334588","761.712083335927","977.15458333308","654.223749998588","771.836666666786","966.499999980442","1047.14090909163","604.190909090903","921.969166660953","562.583333333333","636.53208334775","633.333333333333","933.21083333285","652.129583346929","567.055416681493","961.491249999957","743.870833332039","722.583333333334","838.047916651704","760.666666666667","764.166666666668","896.272727272727","622.6158333205","1138.11958332857","626.623333334768","701.786666642875","488.25","683.887916663176","696.539583266712","652.997083321679","534.644583334739","513.334166724235","656.666666666667","704.920000010382","778.922499991798","567.049090888097","722.958749994481","909.666666666667","640.418750001117","688","789.102500001415","980.33708333325","661.73454539173","743.570416666898","700.024999998277","586.088333332858","763.079583315024","682.601249990209","642.817083319339","854.971999989356","772.958181818167","1044.58454545635","631.738181818284","617.030416668664","849.841250009679","661.86000000016","788.4","1010.83333333333","496.45291667548","582.735833333269","709.181818181818","824.609583333465","852.309999999988","525.1","685.314583335033","718.610833321388","723.462727217173","685.25416667156","715.083333333333","916.046666660502","666.247083333777","591.146250003173","699.014090932906","999.5","783.998333332722","595.27541664041","730.25","660.361250008767","622.534090907059","492.902083336958","857.23500000313","613.727272727273","891.964166666942","639.555909091458","823.459545457311","640.454583335668"
"sd_L4","160.572137038513","364.479183098309","434.470698527286","240.498658775333","255.851656453428","634.341581818694","56.7907410067744","267.523473858002","284.703218772466","614.555917955318","213.832983207657","119.91018449136","271.177566784704","322.129475602806","348.675598124206","693.180220564478","187.042269570439","167.081692478084","336.980825656709","128.833829508649","572.766213750135","253.69591676221","158.182785096351","233.951107439276","220.752720563899","426.741747171771","110.264623710338","212.825095694804","202.737215776006","181.198280344946","506.644849439638","128.744284576185","358.504606220481","40.9616228371697","484.56597261692","254.972599793523","213.602775905975","762.725380624162","119.620535287686","247.956595605665","393.86767888829","138.995454823936","140.931014183353","156.757881803","243.381658923726","61.2925391418502","173.202501718365","228.402462172161","136.856367412156","193.688027960771","266.448327281503","366.3509664891","111.647702766543","451.813109292313","288.069714336964","277.850407473732","550.23388966269","120.340803931622","354.326032396986","180.979300394499","754.586591265239","396.393773002812","248.825783013381","143.619216618924","139.507966536943","249.5992420391","358.226216592204","57.0120110050712","87.0702758104226","94.3581104613015","306.040457117651","100.77445563778","257.901902251478","185.413935762669","195.59639993279","308.217791159735","310.489441426217","418.617474829152","276.028985785784","419.0740639097","259.053889605709","372.590196523546","392.877204496413","344.871619936317","160.674619443559","280.087165554708","364.147024714538","189.345304755616","326.50280805403","413.039954554896","167.114556442016","256.612238424224","262.678796496092","296.787335120431","225.61201393003","191.22274820176","96.875119256044","71.6987226159728","205.921138185265","277.48482384555","294.341363887722","394.412991129748","330.775697707023","170.556068024149","157.621970702143","405.164359808261","271.189453513535","106.05941566617","282.562761087167","362.720309229126","400.789004332332","280.554448583912","325.407716285557","150.703886315384","387.994945596571","284.692763689156","90.6325832772913","274.528133599672","142.282786913169","245.390913091054","236.045885451864","580.459567202184","376.263038071801","108.827441593624","291.986093483712","319.093275404005","313.719961716075","146.802213885976","365.778916464342","259.201183282596","139.126365630361","547.861976524414","189.44778748755","322.314111185778","294.92264011506","695.173424595121","221.92628209404","199.709085060108","68.8046752287469","174.218429236636","197.307481926668","514.858365900562","189.649410529403","112.001569685805","287.186559068502","231.17002218966","162.941963082974","263.878979362502","219.217755308333","200.362323319681","564.340693359798","116.52611717763","446.582418029865","259.361546343859","330.255264862825","106.100402706803","435.557529312374","170.247980682665","128.563602925997","147.957809188467","133.782332912671","290.036152396507","196.178383433438","325.757161850916","75.5255322346864","313.695390585738","255.583942209114","224.364765143364","356.469415861227","351.027519296704","473.068260486057","113.761042280103","251.162601392525","179.450332541769","106.871952615328","246.152092092288","141.810136314536","205.778635367361","517.285191010147","287.557548903455","819.371515422702","152.137511305963","174.624905931435","431.083134492858","167.691913788609","359.514240175391","496.674547425783","120.087151813419","107.362357099535","382.488383661993","185.076125449357","498.737276433699","125.607368856732","359.296289242171","315.648379447016","142.433244523927","364.522746942287","202.017307239361","350.096574884112","231.441163142599","146.41646179867","139.388870419529","451.79208814353","299.181769478104","94.9928438450612","212.506310066741","160.545010422605","172.581102817737","138.605338403851","313.388999527219","181.616128639001","421.739361722659","156.096466918371","341.573272404678","186.149376891145"
"ER_L1","0","0","0","0","16.6666666666667","0","8.33333333333333","0","0","0","8.33333333333333","0","0","0","8.33333333333333","0","0","0","0","8.33333333333333","0","0","0","0","8.33333333333333","0","16.6666666666667","0","8.33333333333333","0","8.33333333333333","0","0","0","0","0","0","0","0","0","0","0","0","0","8.33333333333333","0","8.33333333333333","0","0","8.33333333333333","8.33333333333333","0","0","0","0","0","0","0","0","8.33333333333333","0","0","0","0","0","0","0","0","8.33333333333333","0","16.6666666666667","0","8.33333333333333","0","0","0","0","0","0","8.33333333333333","8.33333333333333","0","0","0","0","0","8.33333333333333","0","0","16.6666666666667","8.33333333333333","8.33333333333333","0","8.33333333333333","8.33333333333333","0","0","0","0","8.33333333333333","0","16.6666666666667","16.6666666666667","0","8.33333333333333","0","0","0","0","8.33333333333333","0","0","0","16.6666666666667","0","0","0","8.33333333333333","0","8.33333333333333","0","0","0","0","0","0","8.33333333333333","0","0","0","0","0","0","0","0","0","8.33333333333333","0","0","0","8.33333333333333","0","0","0","0","8.33333333333333","0","0","0","0","0","0","8.33333333333333","0","0","0","8.33333333333333","0","8.33333333333333","0","8.33333333333333","0","0","8.33333333333333","0","0","0","0","0","0","0","0","8.33333333333333","0","0","0","0","0","8.33333333333333","8.33333333333333","0","0","8.33333333333333","0","0","0","0","0","0","16.6666666666667","0","0","8.33333333333333","0","8.33333333333333","0","0","0","0","8.33333333333333","0","0","0","0","0","0","0","0","0","0","0","0","0","0","0"
"ER_L2","0","0","0","0","8.33333333333333","8.33333333333333","0","0","8.33333333333333","0","0","0","0","0","0","0","0","16.6666666666667","0","0","0","0","0","0","8.33333333333333","0","0","0","0","0","0","0","0","8.33333333333333","0","8.33333333333333","0","8.33333333333333","0","8.33333333333333","16.6666666666667","0","0","0","0","8.33333333333333","0","0","0","16.6666666666667","0","0","0","0","0","0","0","0","0","0","0","0","0","0","0","16.6666666666667","0","0","0","33.3333333333333","8.33333333333333","0","16.6666666666667","0","8.33333333333333","0","0","0","0","0","8.33333333333333","0","0","8.33333333333333","0","0","8.33333333333333","8.33333333333333","0","8.33333333333333","0","8.33333333333333","0","8.33333333333333","0","0","8.33333333333333","0","0","0","0","8.33333333333333","16.6666666666667","0","8.33333333333333","0","0","8.33333333333333","0","0","0","0","0","0","0","0","0","0","0","0","0","0","0","0","25","8.33333333333333","0","0","0","0","0","0","0","0","8.33333333333333","0","0","0","0","0","8.33333333333333","0","0","0","8.33333333333333","0","0","0","0","0","8.33333333333333","0","8.33333333333333","8.33333333333333","0","0","8.33333333333333","8.33333333333333","0","0","8.33333333333333","0","0","0","0","0","0","8.33333333333333","0","0","0","0","0","0","8.33333333333333","0","0","8.33333333333333","0","0","0","0","0","0","8.33333333333333","0","0","8.33333333333333","0","0","0","0","25","8.33333333333333","0","8.33333333333333","8.33333333333333","0","0","0","8.33333333333333","0","0","0","0","0","0","0","0","0","0","0","0","8.33333333333333","0"
"ER_L3","0","0","0","0","8.33333333333333","0","0","0","0","0","0","0","8.33333333333333","0","0","0","0","8.33333333333333","0","8.33333333333333","16.6666666666667","0","0","0","16.6666666666667","0","0","8.33333333333333","0","0","0","0","0","0","0","8.33333333333333","0","0","0","0","8.33333333333333","8.33333333333333","0","0","16.6666666666667","0","0","0","0","0","0","0","0","0","0","0","0","0","0","0","16.6666666666667","0","0","16.6666666666667","0","0","0","0","0","0","0","0","0","0","0","0","0","0","8.33333333333333","0","0","0","0","8.33333333333333","8.33333333333333","0","0","8.33333333333333","0","0","0","8.33333333333333","0","8.33333333333333","0","0","0","0","0","8.33333333333333","0","0","8.33333333333333","0","0","0","0","0","0","0","0","8.33333333333333","0","0","0","0","0","0","0","0","0","0","0","0","0","8.33333333333333","0","0","0","0","0","0","0","8.33333333333333","16.6666666666667","0","0","0","16.6666666666667","33.3333333333333","0","8.33333333333333","0","0","0","0","0","8.33333333333333","0","0","8.33333333333333","8.33333333333333","8.33333333333333","0","0","0","0","0","8.33333333333333","0","0","0","0","0","0","0","0","0","8.33333333333333","0","0","0","0","0","0","8.33333333333333","0","0","0","0","0","0","0","0","0","0","0","0","0","8.33333333333333","0","0","8.33333333333333","8.33333333333333","0","0","0","8.33333333333333","0","8.33333333333333","8.33333333333333","0","0","8.33333333333333","0","0","8.33333333333333","8.33333333333333","0","0","0","0","0","0","0"
"ER_L4","0","0","0","0","0","0","0","0","0","8.33333333333333","8.33333333333333","0","8.33333333333333","0","8.33333333333333","0","0","0","0","8.33333333333333","0","0","0","0","8.33333333333333","0","0","0","0","0","8.33333333333333","0","0","8.33333333333333","0","8.33333333333333","0","25","0","0","8.33333333333333","0","0","0","8.33333333333333","16.6666666666667","0","0","0","8.33333333333333","16.6666666666667","0","0","0","8.33333333333333","8.33333333333333","0","0","0","0","8.33333333333333","0","0","0","8.33333333333333","0","8.33333333333333","0","0","0","0","8.33333333333333","8.33333333333333","8.33333333333333","0","0","0","0","0","0","8.33333333333333","8.33333333333333","0","0","0","0","8.33333333333333","0","0","8.33333333333333","0","0","8.33333333333333","0","0","0","25","0","0","0","0","8.33333333333333","8.33333333333333","0","0","0","0","0","0","0","0","0","0","8.33333333333333","8.33333333333333","0","0","0","0","8.33333333333333","0","0","0","0","0","0","0","0","0","0","0","0","0","0","0","8.33333333333333","8.33333333333333","0","0","0","0","0","0","0","0","0","0","0","0","0","8.33333333333333","0","0","0","0","0","0","0","0","0","0","0","8.33333333333333","0","8.33333333333333","0","0","0","16.6666666666667","0","0","8.33333333333333","0","0","0","0","0","0","9.09090909090909","8.33333333333333","0","0","0","0","8.33333333333333","16.6666666666667","0","0","0","8.33333333333333","0","0","16.6666666666667","0","0","8.33333333333333","0","0","0","0","0","8.33333333333333","0","0","0","0","0","8.33333333333333","0","0","8.33333333333333","0","8.33333333333333","0","0"
"session","6075217f7a985683fa59d116","6075224984b1d23e3b164709","60753032db02eaadc45f802a","60753149fd504cf537dc44b4","6075402cd59121b047a238d2","607540dfa0f059d1a84283b5","607545b78279725844bf84f5","607546ec67db355d39511670","607549720c99b90058dcb2b6","60754bd699e762d64ed00ec6","60754c4d6e27304961e6ae8a","60754e71ed451cc509cf6d79","60754e88ac1762a746890553","60754ed31c4d82b76dd794e7","60754e711c4d82b76dd794e4","60755335e2427270f2d81c54","607554b9cb90e7b7b5912abb","607558acbbef5e970ab7c676","6075592d88571cb41de231f9","60755ba66287c050ca7a0b8c","60755dabf69fdac906abc0de","60755f04e6439dadf852ff6a","607561003e8c11c24dff241a","6075619592520c357221b9b9","607561935dd37f97286965b4","607562a8154f1dd1e0274aab","6075624dc3ed4621d6a2ea17","6075633b31e23db9db334641","607563f5d8c44aad3e3959d9","6075650d3acc16b08f02a7e0","6075659f2cc37053da087587","60753a1c974b756df1e8d2f4","607535d5c227a9d1dbfc09d1","60756412e6439dadf852ff82","607567480e54b7890a61d570","607566dcb238ad1f9b6374d8","60756738e41617acf092dec5","60756740f43ea1f074a4f74f","6075675b1b7de97a911bf40f","60756744acee82c54aad9a66","60756769819500c2fa41b96d","6075675c877135ef31668f18","607567a7faedbce7edd52997","60756744732aa9402f4a6ba3","6075675c2d21eae4043da50e","60756748823bbf69832c84c6","60756779393e09d48ac97726","6075676ba91ccde572b0aaa8","6075678ae07526a2fa6f5028","607567c56aa0f9b0de5c0d33","607567afb9f02c1c1296f9c7","607567545e3d3a928ded8e06","607567b080c871295aff6866","607567b1336418576b94323f","607567be0af983ce36746275","6075679998d7736618a4cef5","60756733cd831af0c2e0d8cb","6075681570b405461506edc2","60756747e07526a2fa6f5025","60756794b6e3c48c8cc0d426","607566f9915d48683d1a10c8","607567820c1c42807e835cc6","60756812e51d1883d2eb03ae","6075679d7b0a97ee00c9a6ad","60756810cb7ed1a4cf24efe1","607567ec4e7da0209f3d8bb0","6075676d393e09d48ac97724","6075684bb0a159139f05f8a4","6075685f063c13ef9b2ec619","6075684d8b7980744f7ebadc","607567b52f0a4dcf10e4227b","60756880553839e105fb6b04","6075683f2293fa42b8a2e593","6075687b7e63121bbe59402b","6075688c5a3fe456b1ddc50e","60756899b0a159139f05f8ab","607568afc0f4ff43c3cec530","607567f8647322515d97dd76","607568033d8f347604e9a453","607567d0053d1fcfb9673d2e","6075688d79a34c6ed7c6d594","607568a9431d3a0179df02c4","607568c12565148a805a0c3f","607568a9e6c4d693be3aaf7a","6075689df23fe26ff7b5d1ec","607568e0336418576b943251","607568852e424fbb263fd5cc","60756834faedbce7edd529a0","60756897c54c682f7d4e9930","607568df6a562463cc167eb7","6075688d3b2eb50dc49a09a6","6075686fe3e5bac32b04185b","607568b1aad0579fa7c50745","6075688848e3ed15172a07d9","607568361f62f73e6de039cd","60756855fca5a2712f83ec9d","6075696d8ff4ba9db84511b0","607569778511259e7b3e7386","607568f58d28b31a15fbaaf0","607567e40e54b7890a61d572","60756740e9f0c1a8630a5baa","6075697a1290f97f25438d18","607567dcb28785ec2fc7dba1","6075693a2c74acd13b6aaa2b","60756820b69f75c9be693624","607567970e09eeb144cc3403","60756a0111796bf9fa403b30","607567bbeb23e0c0924112dd","607567d8db28fe3749cfe72e","6075673d4e7da0209f3d8b9f","6075698b098df0fed13aae17","60756a0afaedbce7edd529a9","607569ea833826ef37f740b1","607566ee84357e4404ebf965","60756a4ad72f41eda5e9e64f","607568df4c1f9bc85e793620","60756a6661e5e825d84c9135","60756792ed3a6e3037deb74a","60756a78826c1cddbde5b0ed","60756a57457357e913ee5389","6075686ca2f85d163560fc9d","60756b3839b8dada26f537a8","607569e5cae1cd62c3f04c31","60756af668cff3c7d7d7c773","60756ba87181e914c103c9af","607569432bd10726aedd22d8","607569c769bc8ab3f7433122","60756cac84357e4404ebf9ab","60756a68a4067a45fcd855d2","60756c61336418576b94327f","607568da97ab9e78988d3b70","60756d08e38fb0133fafac93","607569be70b405461506edcd","607569f5e0c1cecb307a21f0","60756d3596a5b7ec6dc10213","60756a9df83d53cd3f1db6d6","60757026a8646bb5631880a9","607571d681e64ebc275bbf22","60757411d40b71fd21e736fd","607574a4c776e9d751dc6228","607579d2d77e3c830d7fe9cb","607579e37efb19e81af57f8b","60757b4b601a4082390a93fb","60757bd236a960b4085c094d","6075845e145c8b87eff5595a","6075173b1e933d0720dd6954","607546b5a7b05767df0495c2","607548694312d98e6cbcbcbe","607548f71941d14a8e8e6f32","60754b09cd0420b5ee4cc406","607556dc8752e7e411d6458d","607557ba0a41fe471e6a95d6","60755c2617e69b79811029c7","60755d54a390dd686bfe5fca","60755ddaaf9eda52bb2859ff","607560db570ff8abf066e3ba","607561fce5068582fa23d6af","607564b72e62f3e343113786","6075657f1ec87ed76bcbd1b5","6075670a77f9f6aeaeb975fc","6075675c2ecbe3f20b179bac","60756760000de58910b8e5a5","60756762a931d2e21da9797e","6075678bee3556501a5a8735","607567daa01295b14d4fbc70","607567a43f2892a5b04a7a01","607567638b7980744f7ebad6","607567fc99f15f3259e9bea2","607567c01f62f73e6de039c4","6075676279a34c6ed7c6d58c","60756728b7bfcdea41c92983","6075675248e3ed15172a07be","607568071912473e2224feba","607568187aaf58982bf5868c","607567a1d555d952d606ada2","60756865d555d952d606adb4","607567e3b6e51bb507df3fd7","6075682948e3ed15172a07d3","6075679c899e663696561060","607568c0dc06cd15b76eb062","6075687d664496926f2f2e4c","6075685c732aa9402f4a6ba9","6075688a61c67bb3edd0e7c4","607568c7819500c2fa41b976","607568c7f4dd75dbede884bc","607568cf39c051b7810abedc","6075689b82e1b48aca8b94b4","6075679ea3201a9a42f5e588","607568c4d940e99998b4361e","607568dff759bc187d838ed3","607568b395b20c3eed6f9f11","6075681c4545876e80f529d0","60756a6961ece72ad257b988","607567bf17bfa8b6fff96dd5","607569e3823bbf69832c84de","60756a0f62df38d499ac5d50","60756a899d9d92237b1cc680","60756ac21bd984d992dd7985","607568bf69bc8ab3f743311b","607569b98824fdaf69a50015","60756b8f7e63121bbe594050","60756b16f759bc187d838ee8","60756b30f230af9b6eb39205","60756958ea4ed1a97c0944d1","607567cee6f0e56fdb880587","6075674da5cd6867a5df96ac","607567a6a2f85d163560fc96","60756f02b47833356ce23c97","60756f45462af46a507320da","60756f62e49502eb24f69447","6075780d8d97c603bbc5b2b6","60757b4dd0021d7cd36b5a7c","60757d390a73e50229a09061","60757b31ecd47293fd2383da","60759241bd1d1fb0cb889eaf"
